INTERNAL_PART_#,SHORT_DESC,PROD_CELL_CODE,WORK_CENTER_CODE,DESCRIPTION
2666866200,SDN HCA WIRE PWB,EL2-SMT,EL2C2,SDN./KA./HCA/POWER WIRED BOARD
7698499900,S-13476A D0DY7 TOP,EL2-SMT,EL2C6,PWB ASSY/D0DY7/MONT/TOP
7026815900,S-13477 D0DY7 TOP,EL2-SMT,EL2C6,PWB ASSY/D0DY7/MONT/TOP
5196242700,S-13477 D0DY5 TOP,EL2-SMT,EL2C6,PWB ASSY/D0DY5/MONT/TOP
0332882100,S-13064D D0BTB TOP,EL2-SMT,EL2C5,PWB ASSY/D0BTB/MONT/TOP
2498409502,S-13065C D0BTC TOP,EL2-SMT,EL2C5,PWB(S-13065C)ASSY/D0BTC
3448488000,S-13065C D0BTB TOP,EL2-SMT,EL2C5,PWB ASSY/D0BTB/MONT/TOP
7651802500,T3LA DRL RH PWB TOP,EL2-SMT,EL2C4,PWB SEMI-ASSY/W1013R/MONT/TOP
7651802500,T3LA DRL RH PWB TOP,EL2-SMT,EL1C8,PWB SEMI-ASSY/W1013R/MONT/TOP
7651802500,T3LA DRL RH PWB TOP,EL2-SMT,EL1C8,PWB SEMI-ASSY/W1013R/MONT/TOP
2127086500,S12670 D0ADW EXL BOT,EL2-SMT,EL2C2,PWB ASSY-US/D0ADW/MONT/BOT
3140801600,S-13476A D0DYB TOP,EL2-SMT,EL2C6,PWB ASSY/D0DYB/MONT/TOP
1201108300,S-13477 D0DYB TOP,EL2-SMT,EL2C6,PWB ASSY/D0DYB/MONT/TOP
0686733200,TP6X AMP TOP D0D9Q,EL2-SMT,EL2C4,CDH0411/CNTL CIR-US/D0D9Q/MONT
4666092700,T2AA DRL LH PWB TOP,EL2-SMT,EL2C4,LDU-L-US/D0DE0/MONT/TOP
4666092700,T2AA DRL LH PWB TOP,EL2-SMT,EL1C8,LDU-L-US/D0DE0/MONT/TOP
0149764200,T2AA RC SM PWB3 TOP,EL2-SMT,EL2C2,PWB SEMI-ASSY3/W1001L/MONT/TOP
8202032200,S-13477 D0DYB BOT,EL2-SMT,EL2C6,PWB ASSY/D0DYB/MONT/BOT
6567666402,S-12633D D08TS TOP,EL2-SMT,EL2C7,PWB(S-13040D)-US ASSY/D0AYS
5174050500,S12670 D0CFX EX BOT,EL2-SMT,EL2C2,PWB ASSY-US/D0CFX/MONT/BOT
3075904400,T3LA DRL LH PWB TOP,EL2-SMT,EL2C4,PWB SEMI-ASSY/W1013L/MONT/TOP
3075904400,T3LA DRL LH PWB TOP,EL2-SMT,EL1C8,PWB SEMI-ASSY/W1013L/MONT/TOP
3075904400,T3LA DRL LH PWB TOP,EL2-SMT,EL1C8,PWB SEMI-ASSY/W1013L/MONT/TOP
0908152600,TP6X AMP TOP D0D9U,EL2-SMT,EL2C4,PWB ASSY-US/S-13329/D0D9U/MONT
1863621200,T3LA CHM PWB TOP,EL2-SMT,EL1C8,PWB SEMI-ASSY/W0912M/MONT/TOP
1863621200,T3LA CHM PWB TOP,EL2-SMT,EL2C9,PWB SEMI-ASSY/W0912M/MONT/TOP
8358749000,S12670 D0ADW EXL TOP,EL2-SMT,EL2C7,PWB ASSY-US/D0ADW/MONT/TOP
3912810100,S-13476A D0DY5 TOP,EL2-SMT,EL2C6,PWB ASSY/D0DY5/MONT/TOP
6985968200,TP6X AMP TOP D0D9W,EL2-SMT,EL2C4,CDH0411/CNTL CIR-US/D0D9W/MONT
5611507200,TP6X AMP TOP D0D9X,EL2-SMT,EL2C4,CDH0411/CNTL CIR-US/D0D9X/MONT
6904604500,S-13065C D0BTC BOT,EL2-SMT,EL2C5,PWB ASSY/D0BTC/MONT/BOT
4147670200,S-13476A D0DYB BOT,EL2-SMT,EL2C6,PWB ASSY/D0DYB/MONT/BOT
3211554300,TP6X AMP TOP D0D9S,EL2-SMT,EL1C8,CNTL CIR-US/D0D9S/MONT
6935765200,TP6X AMP BOT,EL2-SMT,EL1C8,CNTL CIR-US/DIV/MONT/BOT
4648479700,S-13065C D0BTB BOT,EL2-SMT,EL2C5,PWB ASSY/D0BTB/MONT/BOT
6136064600,T0G PWB TYPE B BOT,EL2-SMT,EL2C7,AUTO A/C SW-US/D0BUN/MONT/BOT
6632290400,S-13476A D0DY5 BOT,EL2-SMT,EL2C6,PWB ASSY/D0DY5/MONT/BOT
3194833900,TK8 CPU S-12918E TOP,EL2-SMT,EL2C5,PWB ASSY/D0AVR/MONT/TOP
9609545700,PWBSEMIASY1W1001LMON,EL2-SMT,EL2C2,PWB SEMI-ASSY1/W1001L/MONT/BOT
5172636700,S12760 D0CFX EX TOP,EL2-SMT,EL2C7,PWB ASSY-US/D0CFX/MONT/TOP
0649993700,S-13477 D0DY5 BOT,EL2-SMT,EL2C6,PWB ASSY/D0DY5/MONT/BOT
4224778200,TP6X AMP TOP D0D9T,EL2-SMT,EL2C4,CDH0411/CNTL CIR-US/D0D9T/MONT
7481203101,S-12633D,EL2-SMT,EL2C7,PWB(S-12633D)ASSY/D08TS
3650360200,S-12632F D0942 BOT,EL2-SMT,EL2C7,PWB ASSY/D09HB/MONT/TOP
4541106000,01 ELD D01ZJ TOP,EL2-SMT,EL2C2,PWB(S-12483)/D01ZJ/MONT/TOP
8988082300,PWBSEMIASY1W1002LMON,EL2-SMT,EL2C4,PWB SEMI-ASSY1/W1002L/MONT/BOT
5012917900,08 ELD D09J5 TOP,EL2-SMT,EL2C2,PWB(S-12676)ASSY/D09J5/MONT/TO
4612755200,S-13058I D0C67 TOP,EL2-SMT,EL2C7,PWB ASSY-US/D0C67/MONT/TOP
3459937800,S-12636D D08TU BOT,EL2-SMT,EL2C7,PWB ASSY/D08TU/MONT/BOT
2026477200,S-13040D D0AYS TOP,EL2-SMT,EL2C7,PWB ASSY-US/D0AYS/MONT/TOP
7800878400,PWBSEMIASYW1003RMONT,EL2-SMT,EL2C4,PWB SEMI-ASSY/W1003R/MONT/BOT
6666518600,S-13477 D0DY7 BOT,EL2-SMT,EL2C6,PWB ASSY/D0DY7/MONT/BOT
9233053200,S-12633D D08TS BOT,EL2-SMT,EL2C7,PWB ASSY/D08TS/MONT/BOT
5529515800,03 ELD D04HL TOP,EL2-SMT,EL2C2,PWB(S-12485)ASSY/D04HL/MONT/TO
9747400100,00 ELD D00BJ RAD,EL2-SMT,EL2C2,PWB ASSY/D00BJ/INSR/RAD
4360731600,S-13476A D0DY7 BOT,EL2-SMT,EL2C6,PWB ASSY/D0DY7/MONT/BOT
0396653400,S-13058I D0DK5 BOT,EL2-SMT,EL2C7,PWB ASSY-US/D0DK5/MONT/BOT
5788947000,TP6X AMP TOP D0D9V,EL2-SMT,EL2C4,CDH0411/CNTL CIR-US/D0D9V/MONT
5404438000,T3WA DRL LH PWB TOP,EL2-SMT,EL1C8,LDU-L-US/D0E4M/MONT
2355098900,T2AA DRL RH PWB TOP,EL2-SMT,EL2C4,LDU-R-US/D0DE0/MONT/TOP
2355098900,T2AA DRL RH PWB TOP,EL2-SMT,EL1C8,LDU-R-US/D0DE0/MONT/TOP
3530835000,T3WA DRL RH PWB TOP,EL2-SMT,EL1C8,LDU-R-US/D0E4M/MONT
1332650900,S-13019C D0BCN BOT,EL2-SMT,EL2C4,PWB ASSY-US/D0BCN/MONT/BOT
0334865200,S-13064D ASSY D0DTW,EL2-SMT,EL2C5,PWB(S-13064D)ASSY/D0DTW
8798506700,S-13018B D0BCN BOT,EL2-SMT,EL2C4,PWB ASSY-US/D0BCN/MONT/BOT
2815818100,PWBSEMIASY1W1001RMON,EL2-SMT,EL2C2,PWB SEMI-ASSY1/W1001R/MONT/BOT
3378145800,T2AA RC SM PWB3 TOP,EL2-SMT,EL2C2,PWB SEMI-ASSY3/W1001R/MONT/TOP
5270709900,00 ELD D00BJ BOT,EL2-SMT,EL2C2,PWB ASSY/D00BJ/MONT/BOT
2573216200,S-13478- D0DYF BOT,EL2-SMT,EL2C6,PWB ASSY/D0DYF/MONT/BOT
4276284900,S-13064D D0BTB BOT,EL2-SMT,EL2C5,PWB ASSY/D0BTBTMONT/BOT
8537171104,S-13064D D0BTB,EL2-SMT,EL2C5,PWB(S-13064D)ASSY/D0BTB
6651483801,S-13058I DODK5 TOP,EL2-SMT,EL2C7,PWB(S-13058I)-US ASSY/D0DK5
0902914100,PWBSEMIASYW1004LMONT,EL2-SMT,EL2C4,PWB SEMI-ASSY/W1004L/MONT/BOT
5077322100,PWBSEMIASY1W1002RMON,EL2-SMT,EL2C2,PWB SEMI-ASSY1/W1002R/MONT/BOT
8395806500,PWBSEMIASY2W1001RMON,EL2-SMT,EL2C2,PWB SEMI-ASSY2/W1001R/MONT/BOT
2868439800,S-13019C D0BCN TOP,EL2-SMT,EL2C4,PWB ASSY-US/D0BCN/MONT/TOP
4330459300,S-13007C D0BCY BOT,EL2-SMT,EL2C4,PWB ASSY-US/D0BCY/MONT/BOT
3539094400,PWBSEMIASYW1004RMONT,EL2-SMT,EL2C2,PWB SEMI-ASSY/W1004R/MONT/BOT
8391407600,S-13478- D0DYF TOP,EL2-SMT,EL2C6,PWB ASSY/D0DYF/MONT/TOP
0065599600,TK8 CPU S-12918E BOT,EL2-SMT,EL2C5,PWB ASSY/D0AVR/MONT/BOT
1909594000,PWB(S-12636D) TOP,EL2-SMT,EL2C7,PWB ASSY/D08TU/MONT/TOP
7199635200,PWBSEMIASYW1003LMONT,EL2-SMT,EL2C2,PWB SEMI-ASSY/W1003L/MONT/BOT
5603200200,S-12632F D0942 BOT,EL2-SMT,EL2C7,PWB ASSY/D0942/MONT/BOT
5320035400,S-13007C D0BCY TOP,EL2-SMT,EL2C4,PWB ASSY-US/D0BCY/MONT/TOP
3143207300,01 ELD D01ZJ BOT,EL2-SMT,EL2C2,PWB(S-12483)/D01ZJ/MONT/BOT
3702476700,08 ELD D09J5 BOT,EL2-SMT,EL2C2,PWB ASSY/D09J5/MONT/BOT
6476269900,PWBSEMIASY2W1001LMON,EL2-SMT,EL2C2,PWB SEMI-ASSY2/W1001L/MONT/BOT
2185035700,03 ELD D04HL BOT,EL2-SMT,EL2C2,PWB ASSY/D04HL/MONT/BOT
0960658000,S-13018B D0BCN TOP,EL2-SMT,EL2C4,PWB ASSY-US/D0BCN/MONT/TOP
9083020100,LU-SOX/S84-CT-F02,EL2-SMT,EL2C5,PWB ASSY-F/D01R1/MONT/TOP
8896440300,PWBASYD0AEVMONTBOT,EL2-SMT,EL2C5,PWB ASSY/D0AEV/MONT/BOT
6880270900,PWBASYS12916HMNTTOP,EL2-SMT,EL2C6,PWB ASSY/D0AVM/MONT/TOP
6512304500,PWBASYS12917GMNTTOP,EL2-SMT,EL1C8,PWB ASSY/D0AVM/MONT/TOP
6172301300,H8A-CB-AMP,EL2-SMT,EL2C5,PWB-US ASSY/D08TC/MONT/BOT
0279438100,PWBASYS12917GMTTOP,EL2-SMT,EL2C6,PWB ASSY/D0AVE/MONT/TOP
0279438100,PWBASYS12917GMTTOP,EL2-SMT,EL1C8,PWB ASSY/D0AVE/MONT/TOP
4407019700,PWBASYS12916EMNTTOP,EL2-SMT,EL2C6,PWB ASSY/D0AVE/MONT/TOP
4407019700,PWBASYS12916EMNTTOP,EL2-SMT,EL1C8,PWB ASSY/D0AVE/MONT/TOP
7089246400,PWBASSYD0AVEMONTBOT,EL2-SMT,EL2C6,PWB ASSY/D0AVE/MONT/BOT
7089246400,PWBASSYD0AVEMONTBOT,EL2-SMT,EL1C8,PWB ASSY/D0AVE/MONT/BOT
5509816600,H8A-CB-SW,EL2-SMT,EL2C5,PWB-US ASSY/D08TC/MONT/BOT
6782051700,PWBASSYD0AVQMONTBOT,EL2-SMT,EL1C8,PWB ASSY/D0AVQ/MONT/BOT
0126079000,PWBASSYD0AVMMONTBOT,EL2-SMT,EL1C8,PWB ASSY/D0AVM/MONT/BOT
0785170700,PWBASSYD0AVQMONTTOP,EL2-SMT,EL1C8,PWB ASSY/D0AVQ/MONT/TOP
0707559600,PWBASSYD0AVMMONTBOT,EL2-SMT,EL2C6,PWB ASSY/D0AVM/MONT/BOT
2097948800,PWBASSYD0AVEMONTBOT,EL2-SMT,EL2C6,PWB ASSY/D0AVE/MONT/BOT
2097948800,PWBASSYD0AVEMONTBOT,EL2-SMT,EL1C8,PWB ASSY/D0AVE/MONT/BOT
7905731200,PWBASSYD0AVNMONTTOP,EL2-SMT,EL1C8,PWB ASSY/D0AVN/MONT/TOP
0462480700,H8A-CT-AMP C D097Y,EL2-SMT,EL2C4,PWB-US ASSY/D097Y/MONT/TOP
1247193900,PWBASSYD0AVNMONTBOT,EL2-SMT,EL1C8,PWB ASSY/D0AVN/MONT/BOT
0681103500,TZ3A CPU D0DD5 TOP,EL2-SMT,EL2C4,PWB/ASSY/D0DD5/MONT/TOP
3804570900,TZ3A CPU D0E4W TOP,EL2-SMT,EL2C4,PWB ASSY/D0E4W/MONT/TOP
5605833800,TZ3A CPU D0E4W BOT,EL2-SMT,EL2C4,PWB ASSY/D0E4W/MONT/BOT
0916468500,TZ3A CPU D0DD5 BOT,EL2-SMT,EL2C4,PWB ASSY/D0DD5/MONT/BOT
3771871800,T1W HCU FRONT BOT,EL2-SMT,EL2C7,PWB(S-13058K)/D0C67/MONT/BOT
4653107800,T1W HCU FRONT TOP,EL2-SMT,EL2C7,PWB(S-13058K)/D0C67/MONT/TOP
0149764201,T2AA RC SM-3 LH TOP,EL2-SMT,EL1C8,PWB SEMI-ASSY3/W1001L/MONT/TOP
3378145801,T2AA RC SM-3 RH TOP,EL2-SMT,EL1C8,PWB SEMI-ASSY3/W1001R/MONT/TOP
9609545701,PWBSASY1AW1001LMONTB,EL2-SMT,EL2C4,PWB S-ASSY1A/W1001L/MONT/BOT
8988082301,PWBSASY1AW1002LMONTB,EL2-SMT,EL2C2,PWB S-ASSY1A/W1002L/MONT/BOT
7800878401,PWBSASYAW1003RMONTBO,EL2-SMT,EL2C2,PWB S-ASSY(A)/W1003R/MONT/BOT
2815818101,PWBSASY1AW1001RMONTB,EL2-SMT,EL2C4,PWB S-ASSY1A/W1001R/MONT/BOT
0902914101,PWBSASYAW1004LMONTBO,EL2-SMT,EL2C2,PWB S-ASSY(A)/W1004L/MONT/BOT
5077322101,PWBSASY1AW1002RMONTB,EL2-SMT,EL2C4,PWB S-ASSY1A/W1002R/MONT/BOT
8395806501,PWBSASY1AW1001RMONTB,EL2-SMT,EL2C4,PWB S-ASSY1A/W1001R/MONT/BOT
3539094401,PWBSASYAW1004RMONTBO,EL2-SMT,EL2C4,PWB S-ASSY(A)/W1004R/MONT/BOT
7199635201,PWBSASYAW1003LMONTBO,EL2-SMT,EL2C4,PWB S-ASSY(A)/W1003L/MONT/BOT
6476269901,PWBSASY2AW1001LMONTB,EL2-SMT,EL2C4,PWB S-ASSY2A/W1001L/MONT/BOT
8471957900,T2AX RC PWB1 LH BOT,EL2-SMT,EL2C5,T2AX/KA2/TL/PWB 1/MONT/BOT-LH
1713196600,T2AX RC PWB2 LH BOT,EL2-SMT,EL2C5,T2AX/KA/TL/PWB 2/MONT/BOT-LH
1090422600,T2AX RC PWB1 RH BOT,EL2-SMT,EL2C5,T2AX/KA2/TL/PWB 1/MONT/BOT-RH
3536414500,T2AX RC PWB2 RH BOT,EL2-SMT,EL2C5,T2AX/KA/TL/PWB 2/MONT/BOT-RH
9883815500,T2AX RC PWB1 LH TOP,EL2-SMT,EL2C5,T2AX/KA2/TL/PWB 1/MONT/TOP-LH
2348553200,T2AX RC PWB2 LH TOP,EL2-SMT,EL2C5,T2AX/KA/TL/PWB 2/MONT/TOP-LH
0096569300,T2AX RC PWB1 RH TOP,EL2-SMT,EL2C5,T2AX/KA2/TL/PWB 1/MONT/TOP-RH
4937972200,T2AX RC PWB2 RH TOP,EL2-SMT,EL2C5,T2AX/KA/TL/PWB 2/MONT/TOP-RH
8974349400,TBAA LID PWB LH TOP,EL2-SMT,EL2C2,W2613L/PWB S-ASSY/MONT/TOP
8974349400,TBAA LID PWB LH TOP,EL2-SMT,EL1C8,W2613L/PWB S-ASSY/MONT/TOP
5468796600,TBAA LID PWB RH TOP,EL2-SMT,EL2C6,W2613R/PWB S-ASSY/MONT/TOP
5468796600,TBAA LID PWB RH TOP,EL2-SMT,EL1C8,W2613R/PWB S-ASSY/MONT/TOP
0298300100,TBAA RC PWB LH TOP,EL2-SMT,EL2C2,W2612L/PWB S-ASSY/MONT/TOP
0298300100,TBAA RC PWB LH TOP,EL2-SMT,EL2C7,W2612L/PWB S-ASSY/MONT/TOP
0298300100,TBAA RC PWB LH TOP,EL2-SMT,EL1C8,W2612L/PWB S-ASSY/MONT/TOP
0298300100,TBAA RC PWB LH TOP,EL2-SMT,EL2C11,W2612L/PWB S-ASSY/MONT/TOP
7393503200,TBAA RC PWB RH TOP,EL2-SMT,EL2C2,W2612R/PWB S-ASSY/MONT/TOP
7393503200,TBAA RC PWB RH TOP,EL2-SMT,EL2C7,W2612R/PWB S-ASSY/MONT/TOP
7393503200,TBAA RC PWB RH TOP,EL2-SMT,EL1C8,W2612R/PWB S-ASSY/MONT/TOP
7393503200,TBAA RC PWB RH TOP,EL2-SMT,EL2C11,W2612R/PWB S-ASSY/MONT/TOP
8707458700,T3LX A3 FP LED RH,EL2-SMT,EL2C2,CDH0574A/P-SAY S-13980A
8707458700,T3LX A3 FP LED RH,EL2-SMT,EL1C8,CDH0574A/P-SAY S-13980A
7953268100,T3LX A3 FP LED LH,EL2-SMT,EL2C2,CDH0574A/P-SAY S-13979A
7953268100,T3LX A3 FP LED LH,EL2-SMT,EL1C8,CDH0574A/P-SAY S-13979A
6916346700,T3LX A5 FP LED RH,EL2-SMT,EL2C2,CDH0640A/P-SAY S-13982A
6916346700,T3LX A5 FP LED RH,EL2-SMT,EL1C8,CDH0640A/P-SAY S-13982A
3875511000,T3LX A5 FP LED LH,EL2-SMT,EL2C2,CDH0640A/P-SAY S-13981A
3875511000,T3LX A5 FP LED LH,EL2-SMT,EL1C8,CDH0640A/P-SAY S-13981A
5531418702,T2AX HL FP LED LH,EL2-SMT,EL2C2,T2AX/K+/HL/FP LED/PWB S-ASSY-L
5531418702,T2AX HL FP LED LH,EL2-SMT,EL1C8,T2AX/K+/HL/FP LED/PWB S-ASSY-L
4495188602,T2AX HL FP LED RH,EL2-SMT,EL2C2,T2AX/K+/HL/FP LED/PWB S-ASSY-R
4495188602,T2AX HL FP LED RH,EL2-SMT,EL1C8,T2AX/K+/HL/FP LED/PWB S-ASSY-R
8970626201,T2AX FOG LED,EL2-SMT,EL2C2,CDH0634A/P-SAY S-13748D
9144234500,T2AXKAFOGCTRLPWBSASY,EL2-SMT,EL2C10,T2AX/KA/FOG/CTRL/PWB S-ASSY-LH
2210669400,T2AXKAFOGCTRLPWBSASY,EL2-SMT,EL2C10,T2AX/KA/FOG/CTRL/PWB S-ASSY-RH
1779293800,T3LX RC PWB2 LH TOP,EL2-SMT,EL2C6,T3LX/KA/TL/PWB 2/MONT/TOP-LH
1890349000,T3LX RC PWB1 RH TOP,EL2-SMT,EL2C6,T3LX/KA/TL/PWB 1/MONT/TOP-RH
5178463400,T3LX RC PWB2 RH TOP,EL2-SMT,EL2C6,T3LX/KA/TL/PWB 2/MONT/TOP-RH
6510586100,T3LX RC PWB 1 LH TOP,EL2-SMT,EL2C6,T3LX/KA/TL/PWB 1/MONT/TOP-LH
6398606200,T2AX HL CTRL RH TOP,EL2-SMT,EL2C5,T2AX/K+/HL/CTRL/PWB/MONT/TOP-R
6398606200,T2AX HL CTRL RH TOP,EL2-SMT,EL1C8,T2AX/K+/HL/CTRL/PWB/MONT/TOP-R
9316302800,T3LX HL A5 FT RH TOP,EL2-SMT,EL2C5,T3LX/KA5/HL/FT LED/MONT/TOP-RH
5387864400,T3LX HL A3/5 CTL TOP,EL2-SMT,EL2C5,T3LX/KA/HL/CTRL/PWB/MONT/TOP
5387864400,T3LX HL A3/5 CTL TOP,EL2-SMT,EL1C8,T3LX/KA/HL/CTRL/PWB/MONT/TOP
9268106800,T3LX HL A5 SM LH TOP,EL2-SMT,EL2C5,T3LX/KA5/HL/SM LED/MONT/TOP-LH
0448557200,T3LX HL A5 FT LH TOP,EL2-SMT,EL2C5,T3LX/KA5/HL/FT LED/MONT/TOP-LH
3548434500,T3LX HL A5 SM RH TOP,EL2-SMT,EL2C5,T3LX/KA5/HL/SM LED/MONT/TOP-RH
6425706400,T3LX HL A5 CTRL TOP,EL2-SMT,EL2C5,T3LX/KA5/HL/CTL SM/FT/MONT/TOP
8970626202,T2AX FOG LED,EL2-SMT,EL2C2,T2AX/KA/FOG/LED/PWB S-ASSY
8970626202,T2AX FOG LED,EL2-SMT,EL1C8,T2AX/KA/FOG/LED/PWB S-ASSY
8970626202,T2AX FOG LED,EL2-SMT,EL2C12,T2AX/KA/FOG/LED/PWB S-ASSY
2918143800,T2AX FOG CTRL LH TOP,EL2-SMT,EL2C5,T2AX/KA/FOG/CTL/PWB/MONT/TOP-L
2918143800,T2AX FOG CTRL LH TOP,EL2-SMT,EL1C8,T2AX/KA/FOG/CTL/PWB/MONT/TOP-L
7877194100,T2AX FOG CTRL RH TOP,EL2-SMT,EL2C5,T2AX/KA/FOG/CTL/PWB/MONT/TOP-R
7877194100,T2AX FOG CTRL RH TOP,EL2-SMT,EL1C8,T2AX/KA/FOG/CTL/PWB/MONT/TOP-R
5778455500,T2AX HL CTRL LH TOP,EL2-SMT,EL2C5,T2AX/K+/HL/CTRL/PWB/MONT/TOP-L
5778455500,T2AX HL CTRL LH TOP,EL2-SMT,EL1C8,T2AX/K+/HL/CTRL/PWB/MONT/TOP-L
0933928000,TR0Z RC SM RH TOP,EL2-SMT,EL1C8,TR0Z/K+./TL/PWB/MONT/TOP-RH
7279590300,TR0Z RC SM LH TOP,EL2-SMT,EL1C8,TR0Z/K+./TL/PWB/MONT/TOP-LH
1696795500,TR2Z RC RH PWB 2 TOP,EL2-SMT,EL1C8,TR2Z/K+/TL/PWB(2)/MONT/TOP-R
1696795500,TR2Z RC RH PWB 2 TOP,EL2-SMT,EL1C8,TR2Z/K+/TL/PWB(2)/MONT/TOP-R
2421999200,TR2ZK+TLPWB2MONTTOPL,EL2-SMT,EL1C8,TR2Z/K+/TL/PWB(2)/MONT/TOP-L
8333574200,TR0Z RC SM LH BOT,EL2-SMT,EL1C8,TR0Z/K+./TL/PWB/MONT/BOT-LH
2999668700,TR2ZK+TLPWB1MONTTOPL,EL2-SMT,EL1C8,TR2Z/K+/TL/PWB(1)/MONT/TOP-L
1225995600,TR0Z RC SM RH BOT,EL2-SMT,EL1C8,TR0Z/K+./TL/PWB/MONT/BOT-RH
2663723600,TR2Z RC RH PWB 2 BOT,EL2-SMT,EL1C8,TR2Z/K+/TL/PWB(2)/MONT/BOT-R
2663723600,TR2Z RC RH PWB 2 BOT,EL2-SMT,EL1C8,TR2Z/K+/TL/PWB(2)/MONT/BOT-R
1301268700,TR2ZK+TLPWB2MONTBOTL,EL2-SMT,EL1C8,TR2Z/K+/TL/PWB(2)/MONT/BOT-L
3239172900,TR2ZK+TLPWB1MONTBOTL,EL2-SMT,EL1C8,TR2Z/K+/TL/PWB(1)/MONT/BOT-L
7460686500,T2AA CHM PWB TOP,EL2-SMT,EL2C2,T2AA/KA./CHM/PWB/MONT/TOP
7460686500,T2AA CHM PWB TOP,EL2-SMT,EL2C4,T2AA/KA./CHM/PWB/MONT/TOP
7460686500,T2AA CHM PWB TOP,EL2-SMT,EL2C7,T2AA/KA./CHM/PWB/MONT/TOP
9828626801,THRA HL CTRL,EL2-SMT,EL2C5,CDH0659A/P-SAY S-13963B
4286221500,TZ3X CPU D0E4W BOT,EL2-SMT,EL2C6,CDH0689F/PWB-ASSY/INMOB
7808516900,TZ3X CPU D0E4W TOP,EL2-SMT,EL2C6,CDH0689F/PWB-ASSY/INMOA
2833361700,TZ3X CPU D0DD5 BOT,EL2-SMT,EL2C6,CDH0689A/PWB-ASSY/INMOB
3133441100,TZ3X CPU D0DD5 TOP,EL2-SMT,EL2C6,CDH0689A/PWB-ASSY/INMOA
5387864401,T3LX HL A3/5 CTL TOP,EL2-SMT,EL2C5,T3LX/KA/HL/CTRL/PWB/MONT/TOP
3849312400,T3LX HL A6/7 CTL TOP,EL2-SMT,EL2C5,T3LX/KA6+/HL/CTRL/PWB/MONT/TOP
3849312400,T3LX HL A6/7 CTL TOP,EL2-SMT,EL1C8,T3LX/KA6+/HL/CTRL/PWB/MONT/TOP
8953359700,TLAA RC LED TOP LH,EL2-SMT,EL2C10,TLAA/KA/TL/LED KIT/MONT/TOP-LH
8150129700,TLAA RC LED TOP RH,EL2-SMT,EL2C9,TLAA/KA/TL/LED KIT/MONT/TOP-RH
7945306400,TLAA RC LED BOT RH,EL2-SMT,EL2C9,TLAA/KA/TL/LED KIT/MONT/BOT-RH
7945306400,TLAA RC LED BOT RH,EL2-SMT,EL2C10,TLAA/KA/TL/LED KIT/MONT/BOT-RH
6471809600,TLAA RC LED BOT LH,EL2-SMT,EL2C9,TLAA/KA/TL/LED KIT/MONT/BOT-LH
6471809600,TLAA RC LED BOT LH,EL2-SMT,EL2C10,TLAA/KA/TL/LED KIT/MONT/BOT-LH
7516248000,TLAA FRT TOP,EL2-SMT,EL2C6,TLAA/KA/FR HS CPU/PWB/MONT/TOP
2348547804,TLAA FRT BOT,EL2-SMT,EL2C6,TLAA/KA/FR HS CPU/PWB/MONT/BOT
9637207800,TLAA RR TOP,EL2-SMT,EL2C6,TLAA/KC/RR HS CPU/PWB/MONT/TOP
0632788504,TLAA RR BOT,EL2-SMT,EL2C6,TLAA/KC/RR HS CPU/PWB/MONT/BOT
6023628300,TLAA RC CTRL LH,EL2-SMT,EL2C4,TLAA/KA/TL/CTRL/PWB/MONT/TOP-L
6023628300,TLAA RC CTRL LH,EL2-SMT,EL2C7,TLAA/KA/TL/CTRL/PWB/MONT/TOP-L
6023628300,TLAA RC CTRL LH,EL2-SMT,EL2C7,TLAA/KA/TL/CTRL/PWB/MONT/TOP-L
8865356400,TLAA RC CTRL RH,EL2-SMT,EL2C4,TLAA/KA/TL/CTRL/PWB/MONT/TOP-R
8865356400,TLAA RC CTRL RH,EL2-SMT,EL2C7,TLAA/KA/TL/CTRL/PWB/MONT/TOP-R
8865356400,TLAA RC CTRL RH,EL2-SMT,EL2C7,TLAA/KA/TL/CTRL/PWB/MONT/TOP-R
8865356400,TLAA RC CTRL RH,EL2-SMT,EL2C10,TLAA/KA/TL/CTRL/PWB/MONT/TOP-R
1507143500,TLAA LID KIT PWB LH,EL2-SMT,EL2C5,TLAA/KA/LID/PWB KIT/MONT/TOP-L
1519030200,TLAA LID KIT PWB RH,EL2-SMT,EL2C5,TLAA/KA/LID/PWB KIT/MONT/TOP-R
5907227703,THRA REAR PNL TOP,EL2-SMT,EL2C6,CPH0407A/P-SAY S-13759
0420724600,THRA HL LED2 SMT LH,EL2-SMT,EL2C9,THRA/KA/HL/LED 2/MONT/TOP-LH
1312998300,THRA HL LED2 SMT RH,EL2-SMT,EL2C9,THRA/KA/HL/LED 2/MONT/TOP-RH
1991373200,THRA HL LED1 SMT LH,EL2-SMT,EL2C9,THRA/KA/HL/LED 1/MONT/TOP-LH
3537852900,THRA HL LED1 SMT RH,EL2-SMT,EL2C9,THRA/KA/HL/LED 1/MONT/TOP-RH
2090808400,TZ3X/HL/FLEX-R,EL2-SMT,EL2C9,TZ3X/K+/HL/PWB S-ASSY1/INMOA-R
2971256500,TZ3X/HL/FLEX-L,EL2-SMT,EL2C9,TZ3X/K+/HL/PWB S-ASSY1/INMOA-L
2206064300,TZ3X LH SM TOP,EL2-SMT,EL2C10,TZ3X/K+/HL/SM PWB/INMOA-LH
9307034800,TZ3X RH TOP,EL2-SMT,EL2C10,TZ3X/K+/HL/SM PWB/INMOA-RH
8946294000,TZ3X LH SM BOT,EL2-SMT,EL2C10,TZ3X/K+/HL/SM PWB/INMOB-LH
9436561900,TZ3X RH SM BOT,EL2-SMT,EL2C10,TZ3X/K+/HL/SM PWB/INMOB-RH
6491258500,TVAA FRT K2 TOP,EL2-SMT,EL2C6,TVAA HS FRT CTRL K2 TOP
6819302800,TVAA FRT K2 BOT,EL2-SMT,EL2C6,TVAA FRT HS CTRL K2 BOT
5269188500,TVAA FRT A6 TOP,EL2-SMT,EL2C6,TVAA FRT HS CTRL A6 TOP
7043161000,TVAA RR TOP,EL2-SMT,EL2C6,TVAA RR HS CTRL TOP
5721128800,TVAA FRT L2 TOP,EL2-SMT,EL2C6,TVAA FRT HS CTRL L2 TOP
4904538700,TVAA FRT A2/L0 TOP,EL2-SMT,EL2C6,TVAA FRT HS CTRL A2/L0 TOP
5124173800,TVAA FRT A2/L0 BOT,EL2-SMT,EL2C6,TVAA FRT HS CPU A2/L0 BOT
5477559800,TVAA FRT A6 BOT,EL2-SMT,EL2C6,TVAA FRT HS CTRL A6 BOT
6028054100,TVAA FRT L2 BOT,EL2-SMT,EL2C6,TVAA  FRT HS CTRL L2 BOT
7272651000,TVAA RR BOT,EL2-SMT,EL2C6,TVAA RR HS CTRL BOT
6070966100,TVAAKAHLPWBSEMIASY1R,EL2-SMT,EL1C8,TVAA/KA/HL/PWB SEMI-ASSY 1-RH
6070966100,TVAAKAHLPWBSEMIASY1R,EL2-SMT,EL2C11,TVAA/KA/HL/PWB SEMI-ASSY 1-RH
5314150100,TVAAKAHLPWBSEMIASY1L,EL2-SMT,EL1C8,TVAA/KA/HL/PWB SEMI-ASSY 1-LH
5092040201,TVAA HL LED LH,EL2-SMT,EL2C4,TVAA/KA/HL/PWB 1/MONT/TOP-LH
5092040201,TVAA HL LED LH,EL2-SMT,EL1C8,TVAA/KA/HL/PWB 1/MONT/TOP-LH
4624624101,TVAA HL LED RH,EL2-SMT,EL1C8,TVAA/KA/HL/PWB 1/MONT/TOP-RH
4760521000,THRA HL LEDKIT R TOP,EL2-SMT,EL2C5,THRA/KA/HL/LED KIT/MONT/TOP-RH
4085329400,THRA HL LEDKIT L TOP,EL2-SMT,EL2C5,THRA/KA/HL/LED KIT/MONT/TOP-LH
2505213700,T2AX RC KIT RH BOT,EL2-SMT,EL2C7,T2AX/KA2/TL/PWB KIT/MONT/BOT-R
2505213700,T2AX RC KIT RH BOT,EL2-SMT,EL1C8,T2AX/KA2/TL/PWB KIT/MONT/BOT-R
2028606700,T2AX RC KIT RH TOP,EL2-SMT,EL2C7,T2AX/KA2/TL/PWB KIT/MONT/TOP-R
2028606700,T2AX RC KIT RH TOP,EL2-SMT,EL1C8,T2AX/KA2/TL/PWB KIT/MONT/TOP-R
6900745700,T2AX RC KIT LH BOT,EL2-SMT,EL2C7,T2AX/KA2/TL/PWB KIT/MONT/BOT-L
6900745700,T2AX RC KIT LH BOT,EL2-SMT,EL1C8,T2AX/KA2/TL/PWB KIT/MONT/BOT-L
5457778800,T2AX RC KIT LH TOP,EL2-SMT,EL2C7,T2AX/KA2/TL/PWB KIT/MONT/TOP-L
5457778800,T2AX RC KIT LH TOP,EL2-SMT,EL1C8,T2AX/KA2/TL/PWB KIT/MONT/TOP-L
3683493500,T3LX RC KIT RH TOP,EL2-SMT,EL2C4,T3LX/KA/TL/PWB KIT/MONT/TOP-RH
3683493500,T3LX RC KIT RH TOP,EL2-SMT,EL1C8,T3LX/KA/TL/PWB KIT/MONT/TOP-RH
2955342400,T3LX RC KIT LH TOP,EL2-SMT,EL2C4,T3LX/KA/TL/PWB KIT/MONT/TOP-LH
2955342400,T3LX RC KIT LH TOP,EL2-SMT,EL1C8,T3LX/KA/TL/PWB KIT/MONT/TOP-LH
3392485200,T3LX FT/SM KIT R TOP,EL2-SMT,EL2C5,T3LX/KA5/HL/PWB KIT/MONT/TOP-R
3392485200,T3LX FT/SM KIT R TOP,EL2-SMT,EL1C8,T3LX/KA5/HL/PWB KIT/MONT/TOP-R
2659924500,T3LX FT/SM KIT L TOP,EL2-SMT,EL2C5,T3LX/KA5/HL/PWB KIT/MONT/TOP-L
2659924500,T3LX FT/SM KIT L TOP,EL2-SMT,EL1C8,T3LX/KA5/HL/PWB KIT/MONT/TOP-L
7188880000,TZ5A-LIC-BOT,EL2-SMT,EL2C4,TZ5A-LIC-BOT-W1487
7188880000,TZ5A-LIC-BOT,EL2-SMT,EL2C6,TZ5A-LIC-BOT-W1487
5694150900,TZ5A-LIC-TOP,EL2-SMT,EL2C4,TZ5A-LIC-PWB-TOP
4990349901,CDH0696I/LDU R,EL2-SMT,EL2C10," PWB Semi-Assy 1 (Turn) RH"
9921803701,CDH0696I/LDU L,EL2-SMT,EL2C10,PWB Semi-Assy 1 (Turn) LH
0040406300,TZ3 DST TOP LH,EL2-SMT,EL2C2,W1121L/PWB SEMI-ASSY/MNTA
0040406300,TZ3 DST TOP LH,EL2-SMT,EL2C7,W1121L/PWB SEMI-ASSY/MNTA
0247101900,THRA RC LH,EL2-SMT,EL2C5,W2684L/PWB S-ASSY1/MNTA
0936510900,THRA LID BOT RH,EL2-SMT,EL2C4,W2685R/PWB S-ASSY1/MNTB
0936510900,THRA LID BOT RH,EL2-SMT,EL2C5,W2685R/PWB S-ASSY1/MNTB
0936510900,THRA LID BOT RH,EL2-SMT,EL2C7,W2685R/PWB S-ASSY1/MNTB
2255491300,TZ3 DST BOT LH,EL2-SMT,EL2C2,W1121L/PWB SEMI-ASSY/MNTB
2255491300,TZ3 DST BOT LH,EL2-SMT,EL2C7,W1121L/PWB SEMI-ASSY/MNTB
3778929100,THRA LID TOP LH,EL2-SMT,EL2C5,W2685L/PWB S-ASSY1/MNTA
4512187900,THRA LID BOT LH,EL2-SMT,EL2C4,W2685L/PWB S-ASSY1/MNTB
4537575700,TZ3 DST TOP RH,EL2-SMT,EL2C2,W1121R/PWB SEMI-ASSY/MNTA
4537575700,TZ3 DST TOP RH,EL2-SMT,EL2C4,W1121R/PWB SEMI-ASSY/MNTA
4537575700,TZ3 DST TOP RH,EL2-SMT,EL2C7,W1121R/PWB SEMI-ASSY/MNTA
4940506500,THRA LID TOP RH,EL2-SMT,EL2C4,W2685R/PWB S-ASSY1/MNTA
4940506500,THRA LID TOP RH,EL2-SMT,EL2C5,W2685R/PWB S-ASSY1/MNTA
5344032000,TZ3 DST BOT RH,EL2-SMT,EL2C2,W1121R/PWB SEMI-ASSY/MNTB
5344032000,TZ3 DST BOT RH,EL2-SMT,EL2C7,W1121R/PWB SEMI-ASSY/MNTB
6923713400,TBGA CHM,EL2-SMT,EL2C2,W2774M/PWB S-ASSY/MNTA
8539340500,TLAA CHM,EL2-SMT,EL2C2,W3485M/PWB S-ASSY/MNTA
8834465000,THRA RC RH,EL2-SMT,EL2C5,W2684R/PWB S-ASSY1/MNTA
9622704300,TVAA KG HL PWB RH,EL2-SMT,EL2F13,TVAA/KG/HL/PWB SEMI-ASSY-RH
9622704300,TVAA KG HL PWB RH,EL2-SMT,EL2C11,TVAA/KG/HL/PWB SEMI-ASSY-RH
8602507800,TVAA KG HL PWB LH,EL2-SMT,EL2F13,TVAA/KG/HL/PWB SEMI-ASSY-LH
8602507800,TVAA KG HL PWB LH,EL2-SMT,EL2C11,TVAA/KG/HL/PWB SEMI-ASSY-LH
0977993003,TJBA CPU A PWB TOP,EL2-SMT,EL2C6,TJBAKA0+CPUPWBTOP
9602250603,TJBA CPU G PWB TOP,EL2-SMT,EL2C6,TJBAKC3CPUPWBTOP
2603496500,TVAA HL LED KG RH,EL2-SMT,EL2C11,TVAA/KG/HL/PWB/MONT/TOP-RH
9857987700,TVAA HL KG LED LH,EL2-SMT,EL2C11,TVAA/KG/HL/PWB/MONT/TOP-LH
3574376600,TXMA ECU TOP,EL2-SMT,EL2C6,TXMA/KA/ECU/PWB/MONT/TOP
0980520600,TXMA ECU BOT,EL2-SMT,EL2C6,TXMA/KA/ECU/PWB/MONT/BOT
5787472400,TZ3 CHM TOP,EL2-SMT,EL2C4,W1035M/PWB SEMI-ASSY/MNTA
7731196300,TEYA CHM TOP,EL2-SMT,EL2C4,W3373M/PWB S-ASSY/MNTA
5313844600,TZ5 DST RH BOT,EL2-SMT,EL2C2,W0853R/PWB SEMI-ASSY/MNTB
4873693900,TZ5 DST RH TOP,EL2-SMT,EL2C2,W0853R/PWB SEMI-ASSY/MNTA
4167403200,TZ5 DST LH BOT,EL2-SMT,EL2C2,W0853L/PWB SEMI-ASSY/MNTB
3536178200,TZ5 DST LH TOP,EL2-SMT,EL2C2,W0853L/PWB SEMI-ASSY/MNTA
6213338400,TZ3 DRL RH BOT,EL2-SMT,EL2C4,W0665R/PWB SEMI-ASSY1/MNTB
5769776800,TZ3 DRL RH TOP,EL2-SMT,EL2C4,W0665R/PWB SEMI-ASSY1/MNTA
5101020500,TZ3 DRL LH BOT,EL2-SMT,EL2C4,W0665L/PWB SEMI-ASSY1/MNTB
3773746100,TZ3 DRL LH TOP,EL2-SMT,EL2C4,W0665L/PWB SEMI-ASSY1/MNTA
7192089500,T6Z RC RH TOP,EL2-SMT,EL2C5,W2825R/PWB S-ASSY1/MNTA
7192089500,T6Z RC RH TOP,EL2-SMT,EL2C6,W2825R/PWB S-ASSY1/MNTA
1039367100,T6Z RC LH TOP,EL2-SMT,EL2C5,W2825L/PWB S-ASSY1/MNTA
1039367100,T6Z RC LH TOP,EL2-SMT,EL2C6,W2825L/PWB S-ASSY1/MNTA
6663218000,T6Z RC 2 TOP,EL2-SMT,EL2C4,W2825M/PWB S-ASSY2/MNTA
6663218000,T6Z RC 2 TOP,EL2-SMT,EL2C4,W2825M/PWB S-ASSY2/MNTA
6663218000,T6Z RC 2 TOP,EL2-SMT,EL2C16,W2825M/PWB S-ASSY2/MNTA
8539340501,TLAA CHM,EL2-SMT,EL2C2,W3485M/PWB S-ASSY/MNTA
8150129703,TLAA RC LED TOP RH,EL2-SMT,EL1C8,TLAA/KA/TL/LED KIT/MONT/TOP-RH
8150129703,TLAA RC LED TOP RH,EL2-SMT,EL2C9,TLAA/KA/TL/LED KIT/MONT/TOP-RH
8150129703,TLAA RC LED TOP RH,EL2-SMT,EL2C10,TLAA/KA/TL/LED KIT/MONT/TOP-RH
7945306401,TLAA RC LED BOT RH,EL2-SMT,EL1C8,TLAA/KA/TL/LED KIT/MONT/BOT-RH
7945306401,TLAA RC LED BOT RH,EL2-SMT,EL2C9,TLAA/KA/TL/LED KIT/MONT/BOT-RH
7945306401,TLAA RC LED BOT RH,EL2-SMT,EL2C10,TLAA/KA/TL/LED KIT/MONT/BOT-RH
8953359703,TLAA RC LED TOP LH,EL2-SMT,EL1C8,TLAA/KA/TL/LED KIT/MONT/TOP-LH
8953359703,TLAA RC LED TOP LH,EL2-SMT,EL2C9,TLAA/KA/TL/LED KIT/MONT/TOP-LH
8953359703,TLAA RC LED TOP LH,EL2-SMT,EL2C10,TLAA/KA/TL/LED KIT/MONT/TOP-LH
6471809601,TLAA RC LED BOT LH,EL2-SMT,EL1C8,TLAA/KA/TL/LED KIT/MONT/BOT-LH
6471809601,TLAA RC LED BOT LH,EL2-SMT,EL2C9,TLAA/KA/TL/LED KIT/MONT/BOT-LH
6471809601,TLAA RC LED BOT LH,EL2-SMT,EL2C10,TLAA/KA/TL/LED KIT/MONT/BOT-LH
6023628301,TLAA RC CTRL LH,EL2-SMT,EL2C2,TLAA/KA/TL/CTRL/PWB/MONT/TOP-L
6023628301,TLAA RC CTRL LH,EL2-SMT,EL2C5,TLAA/KA/TL/CTRL/PWB/MONT/TOP-L
6023628301,TLAA RC CTRL LH,EL2-SMT,EL2C7,TLAA/KA/TL/CTRL/PWB/MONT/TOP-L
6023628301,TLAA RC CTRL LH,EL2-SMT,EL1C8,TLAA/KA/TL/CTRL/PWB/MONT/TOP-L
8865356401,TLAA RC CTRL RH,EL2-SMT,EL2C2,TLAA/KA/TL/CTRL/PWB/MONT/TOP-R
8865356401,TLAA RC CTRL RH,EL2-SMT,EL2C7,TLAA/KA/TL/CTRL/PWB/MONT/TOP-R
8865356401,TLAA RC CTRL RH,EL2-SMT,EL1C8,TLAA/KA/TL/CTRL/PWB/MONT/TOP-R
6187510700,SEPX FSM KA BOT,EL2-SMT,EL1C8,P3289M/PWB SEMI-ASSY/MONT/BOT
0413108800,SEPX CHM KA BOT,EL2-SMT,EL1C8,P3287M/PWB SEMI-ASSY/MONT/BOT
2664000800,TK4A CHM KA BOT,EL2-SMT,EL1C8,P7631M/PWB SEMI-ASSY/MONT/BOT
8208235200,SEPX FSM KH BOT,EL2-SMT,EL1C8,P6088M/PWB SEMI-ASSY/MONT/BOT
1478593000,TP6A CHM KA BOT,EL2-SMT,EL1C8,P8615M/PWB SEMI-ASSY/MONT/BOT
7303136200,T0A MONT TOP,EL2-SMT,EL1C8,PWB(S-12558L)-D0AR0/MONT/TOP
8991344600,TA0 MONT TOP,EL2-SMT,EL1C8,PWB(S-12720E)-D0ARP/MONT/TOP
8125971200,TA0 MONT TOP,EL2-SMT,EL1C8,PWB(S-12558L)-D0AQY/MONT/TOP
1291477600,TA0 MONT TOP,EL2-SMT,EL1C8,PWB(S-12720E)-D0ARN/MONT/TOP
6663218001,T6Z RC 2 TOP,EL2-SMT,EL2C4,W2825M/PWB S-ASSY2/MNTA
6663218001,T6Z RC 2 TOP,EL2-SMT,EL2C16,W2825M/PWB S-ASSY2/MNTA
6663218001,T6Z RC 2 TOP,EL2-SMT,EL2C17,W2825M/PWB S-ASSY2/MNTA
6663218001,T6Z RC 2 TOP,EL2-SMT,EL2C18,W2825M/PWB S-ASSY2/MNTA
6663218001,T6Z RC 2 TOP,EL2-SMT,EL2C19,W2825M/PWB S-ASSY2/MNTA
0247101901,THRA RC LH,EL2-SMT,EL2C4,W2684L/PWB S-ASSY1/MNTA
8834465001,THRA RC RH,EL2-SMT,EL2C4,W2684R/PWB S-ASSY1/MNTA
3778929101,THRA LID TOP LH,EL2-SMT,EL2C4,W2685L/PWB S-ASSY1/MNTA
3778929101,THRA LID TOP LH,EL2-SMT,EL2C7,W2685L/PWB S-ASSY1/MNTA
4940506501,THRA LID TOP RH,EL2-SMT,EL2C4,W2685R/PWB S-ASSY1/MNTA
4940506501,THRA LID TOP RH,EL2-SMT,EL2C7,W2685R/PWB S-ASSY1/MNTA
0936510901,THRA LID BOT RH,EL2-SMT,EL2C4,W2685R/PWB S-ASSY1/MNTB
0936510901,THRA LID BOT RH,EL2-SMT,EL2C7,W2685R/PWB S-ASSY1/MNTB
4512187901,THRA LID BOT LH,EL2-SMT,EL2C4,W2685L/PWB S-ASSY1/MNTB
4512187901,THRA LID BOT LH,EL2-SMT,EL2C7,W2685L/PWB S-ASSY1/MNTB
4760521001,THRA HL LEDKIT R TOP,EL2-SMT,EL2C4,THRA/KA/HL/LED KIT/MONT/TOP-RH
4760521001,THRA HL LEDKIT R TOP,EL2-SMT,EL2C9,THRA/KA/HL/LED KIT/MONT/TOP-RH
4760521001,THRA HL LEDKIT R TOP,EL2-SMT,EL2C10,THRA/KA/HL/LED KIT/MONT/TOP-RH
4085329401,THRA HL LEDKIT L TOP,EL2-SMT,EL2C4,THRA/KA/HL/LED KIT/MONT/TOP-LH
4085329401,THRA HL LEDKIT L TOP,EL2-SMT,EL2C10,THRA/KA/HL/LED KIT/MONT/TOP-LH
9828626804,THRA HL CTRL,EL2-SMT,EL2C6,CDH0659A/P-SAY S-13963B
4280137200,T3LA HL DRL R/L TOP,EL2-SMT,EL1C8,W1013R/PWB SEMI-ASSY/CHAM
8932710500,T2AA RC SM R/L TOP,EL2-SMT,EL1C8,W1001R/PWB SEMI-ASSY3/CHAM
3194285300,T2AA HL DRL R/L TOP,EL2-SMT,EL1C8,CDH0444A/LDU-R-US/D0DE0/CHAMF
8677247700,T3WA HL DRL R/L TOP,EL2-SMT,EL1C8,CDH0473A/LDU-R-US/D0E4M/CHAMF
0977993004,TJBA CPU A PWB TOP,EL2-SMT,EL2C6,TJBAKA0+CPUPWBTOP
9602250604,TJBA CPU G PWB TOP,EL2-SMT,EL2C6,TJBAKC3CPUPWBTOP
9307034801,TZ3X RH TOP,EL2-SMT,EL2C10,TZ3X/K+/HL/SM PWB/INMOA-RH
2206064301,TZ3X LH SM TOP,EL2-SMT,EL2C10,TZ3X/K+/HL/SM PWB/INMOA-LH
2090808401,TZ3X/HL/FLEX-R,EL2-SMT,EL2C9,TZ3X/K+/HL/PWB S-ASSY1/INMOA-R
2090808401,TZ3X/HL/FLEX-R,EL2-SMT,EL2C11,TZ3X/K+/HL/PWB S-ASSY1/INMOA-R
2971256501,TZ3X/HL/FLEX-L,EL2-SMT,EL2C9,TZ3X/K+/HL/PWB S-ASSY1/INMOA-L
2971256501,TZ3X/HL/FLEX-L,EL2-SMT,EL2C11,TZ3X/K+/HL/PWB S-ASSY1/INMOA-L
1519030204,TLAA LID KIT PWB RH,EL2-SMT,EL2C5,TLAA/KA/LID/PWB KIT/MONT/TOP-R
1519030204,TLAA LID KIT PWB RH,EL2-SMT,EL1C8,TLAA/KA/LID/PWB KIT/MONT/TOP-R
1507143504,TLAA LID KIT PWB LH,EL2-SMT,EL2C4,TLAA/KA/LID/PWB KIT/MONT/TOP-L
1507143504,TLAA LID KIT PWB LH,EL2-SMT,EL2C5,TLAA/KA/LID/PWB KIT/MONT/TOP-L
1507143504,TLAA LID KIT PWB LH,EL2-SMT,EL1C8,TLAA/KA/LID/PWB KIT/MONT/TOP-L
9436561901,TZ3X RH SM BOT,EL2-SMT,EL2C10,TZ3X/K+/HL/SM PWB/INMOB-RH
8946294001,TZ3X LH SM BOT,EL2-SMT,EL2C10,TZ3X/K+/HL/SM PWB/INMOB-LH
5468796601,TBAA LID PWB RH TOP,EL2-SMT,EL2C2,W2613R/PWB S-ASSY/MONT/TOP
5468796601,TBAA LID PWB RH TOP,EL2-SMT,EL2C7,W2613R/PWB S-ASSY/MONT/TOP
5468796601,TBAA LID PWB RH TOP,EL2-SMT,EL1C8,W2613R/PWB S-ASSY/MONT/TOP
8974349401,TBAA LID PWB LH TOP,EL2-SMT,EL2C2,W2613L/PWB S-ASSY/MONT/TOP
8974349401,TBAA LID PWB LH TOP,EL2-SMT,EL2C7,W2613L/PWB S-ASSY/MONT/TOP
8974349401,TBAA LID PWB LH TOP,EL2-SMT,EL1C8,W2613L/PWB S-ASSY/MONT/TOP
4301177400,T6N DRL RH BOT,EL2-SMT,EL2C4,W1990R/PWB SEMI-ASSY5/MNTB
3959894900,T6N DRL RH TOP,EL2-SMT,EL2C4,W1990R/PWB SEMI-ASSY5/MNTA
9771434700,T6N DRL LH BOT,EL2-SMT,EL2C4,W1990L/PWB SEMI-ASSY5/MNTB
8338615000,T6N DRL LH TOP,EL2-SMT,EL2C4,W1990L/PWB SEMI-ASSY5/MNTA
5101020501,TZ3 DRL LH BOT,EL2-SMT,EL2C4,W0665L/PWB SEMI-ASSY1/MNTB
3773746101,TZ3 DRL LH TOP,EL2-SMT,EL2C4,W0665L/PWB SEMI-ASSY1/MNTA
6213338401,TZ3 DRL RH BOT,EL2-SMT,EL2C4,W0665R/PWB SEMI-ASSY1/MNTB
5769776801,TZ3 DRL RH TOP,EL2-SMT,EL2C4,W0665R/PWB SEMI-ASSY1/MNTA
5787472401,TZ3 CHM TOP,EL2-SMT,EL2C4,W1035M/PWB SEMI-ASSY/MNTA
9467298801,TGVA/CPU/TOP,EL2-SMT,EL2C6,TGVA/CDH0742A/P-SAY S-15746
0880837600,TGVA HS REAR BOT,EL2-SMT,EL2C6,TGV0/REARHS/PWB-ASSY/MONBOT
0032679800,TGVA HS RR TOP,EL2-SMT,EL2C6,TGV0/RR HS /PWB/MONT/TOP
8625866800,TGVA CHM TOP,EL2-SMT,EL2C2,CDH0761A/LDU M/INMOA
8625866800,TGVA CHM TOP,EL2-SMT,EL2C6,CDH0761A/LDU M/INMOA
6372895000,TGVA LIC BOT,EL2-SMT,EL2C4,CDH0855A/LDU M/INMOB
9625984000,TGVA LIC TOP,EL2-SMT,EL2C4,CDH0855A/LDU M/INMOA
1142644100,TGVA LID-TL A0 RH,EL2-SMT,EL2C4,CDH0731B/P-SAY S-15758A/INMOA
1722219800,TGVA LID-TL A0 LH,EL2-SMT,EL2C4,CDH0731B/P-SAY S-15757A/INMOA
0658101300,TGVA LID-TL A1 RH,EL2-SMT,EL2C4,CDH0731B/P-SAY S-15768A/INMOA
7381013200,TGVA LID-TL A1 LH,EL2-SMT,EL2C4,CDH0731B/P-SAY S-15767A/INMOA
0964100900,TGVA LL BK A0 RH BOT,EL2-SMT,EL2C2,CDH0731B/P-SAY S-15760A/INMOB
0964100900,TGVA LL BK A0 RH BOT,EL2-SMT,EL2C4,CDH0731B/P-SAY S-15760A/INMOB
1726276900,TGVA LL BK A0 RH TOP,EL2-SMT,EL2C2,CDH0731B/P-SAY S-15760A/INMOA
1726276900,TGVA LL BK A0 RH TOP,EL2-SMT,EL2C4,CDH0731B/P-SAY S-15760A/INMOA
9493248300,TGVA LL BK A0 LH BOT,EL2-SMT,EL2C2,CDH0731B/P-SAY S-15760A/INMOB
9493248300,TGVA LL BK A0 LH BOT,EL2-SMT,EL2C4,CDH0731B/P-SAY S-15760A/INMOB
7266278400,TGVA LL BK A0 LH TOP,EL2-SMT,EL2C2,CDH0731B/P-SAY S-15759A/INMOA
7266278400,TGVA LL BK A0 LH TOP,EL2-SMT,EL2C4,CDH0731B/P-SAY S-15759A/INMOA
8421131100,TGVA LL BK A1 RH BOT,EL2-SMT,EL2C2,CDH0731B/P-SAY S-15760A/INMOB
8421131100,TGVA LL BK A1 RH BOT,EL2-SMT,EL2C4,CDH0731B/P-SAY S-15760A/INMOB
6186160200,TGVA LL BK A1 RH TOP,EL2-SMT,EL2C2,CDH0731B/P-SAY S-15770A/INMOA
6186160200,TGVA LL BK A1 RH TOP,EL2-SMT,EL2C4,CDH0731B/P-SAY S-15770A/INMOA
5138042800,TGVA LL BK A1 LH BOT,EL2-SMT,EL2C2,CDH0731B/P-SAY S-15760A/INMOB
5138042800,TGVA LL BK A1 LH BOT,EL2-SMT,EL2C4,CDH0731B/P-SAY S-15760A/INMOB
2897072200,TGVA LL BK A1 LH TOP,EL2-SMT,EL2C2,CDH0731B/P-SAY S-15769A/INMOA
2897072200,TGVA LL BK A1 LH TOP,EL2-SMT,EL2C4,CDH0731B/P-SAY S-15769A/INMOA
2334981700,TGVA RC RH A0 BOT,EL2-SMT,EL2C4,LED KIT RH (NORMAL)/D0HPS/MONT
2334981700,TGVA RC RH A0 BOT,EL2-SMT,EL2C12,LED KIT RH (NORMAL)/D0HPS/MONT
2659740400,TGVA RC RH A0 TOP,EL2-SMT,EL2C12,LED KIT RH (NORMAL)/D0HPS/INMO
2111069800,TGVA RC RH A1 BOT,EL2-SMT,EL2C4,LED KIT RH (A SPEC)/D0HPS/MONT
2111069800,TGVA RC RH A1 BOT,EL2-SMT,EL2C12,LED KIT RH (A SPEC)/D0HPS/MONT
7226500900,TGVA RC RH A1 TOP,EL2-SMT,EL2C12,LED KIT RH (A SPEC)/D0HPS/INMO
1895157600,TGVA RC LH A0 BOT,EL2-SMT,EL2C4,LED KIT LH (NORMAL)/D0HPS/MONT
1895157600,TGVA RC LH A0 BOT,EL2-SMT,EL2C12,LED KIT LH (NORMAL)/D0HPS/MONT
4582693700,TGVA RC LH A0 TOP,EL2-SMT,EL2C12,LED KIT LH (NORMAL)/D0HPS/INMO
1687246600,TGVA RC LH A1 BOT,EL2-SMT,EL2C2,LED KIT LH (A SPEC)/D0HPS/MONT
1687246600,TGVA RC LH A1 BOT,EL2-SMT,EL2C4,LED KIT LH (A SPEC)/D0HPS/MONT
1687246600,TGVA RC LH A1 BOT,EL2-SMT,EL2C12,LED KIT LH (A SPEC)/D0HPS/MONT
8620216600,TGVA RC LH A1 TOP,EL2-SMT,EL2C2,LED KIT LH (A SPEC)/D0HPS/INMO
8620216600,TGVA RC LH A1 TOP,EL2-SMT,EL2C5,LED KIT LH (A SPEC)/D0HPS/INMO
8620216600,TGVA RC LH A1 TOP,EL2-SMT,EL2C12,LED KIT LH (A SPEC)/D0HPS/INMO
6624004500,TGVA DRV RH BOT,EL2-SMT,EL2C4,CDH0731A/P-SAY S-15756A/INMOB
3581883900,TGVA DRV RH TOP,EL2-SMT,EL2C4,CDH0731A/P-SAY S-15756A
1329188800,TGVA DRV LH BOT,EL2-SMT,EL2C4,CDH0731A/P-SAY S-15755A/INMOB
0603338500,TGVA DRV LH TOP,EL2-SMT,EL2C4,CDH0731A/P-SAY S-15755A
7195913900,TJBA CPU G PWB TOP,EL2-SMT,EL2C6,TJBAKC3CPUPWBTOP
8182103800,THRX HL HI LO KIT RH,EL2-SMT,EL2C11,THRX/KA/HL/HI LO KIT TOP-RH
8182103800,THRX HL HI LO KIT RH,EL2-SMT,EL2C11R,THRX/KA/HL/HI LO KIT TOP-RH
0688097500,THRX HL HI LO KIT LH,EL2-SMT,EL2C11,THRX/KA/HL/HI LO KIT TOP-LH
0688097500,THRX HL HI LO KIT LH,EL2-SMT,EL2C11L,THRX/KA/HL/HI LO KIT TOP-LH
5387864402,T3LX HL A3/5 CTL TOP,EL2-SMT,EL1C8,T3LX/KA/HL/CTRL/PWB/MONT/TOP
3849312401,T3LX HL A6/7 CTL TOP,EL2-SMT,EL1C8,T3LX/KA6+/HL/CTRL/PWB/MONT/TOP
6398606201,T2AX HL CTRL RH TOP,EL2-SMT,EL1C8,T2AX/K+/HL/CTRL/PWB/MONT/TOP-R
5778455501,T2AX HL CTRL LH TOP,EL2-SMT,EL1C8,T2AX/K+/HL/CTRL/PWB/MONT/TOP-L
3581883901,TGVA TL D A0/A1 R TO,EL2-SMT,EL2C4,CDH0731A/P-SAY S-15756A
0603338501,TGVA TL D A0/A1 L TO,EL2-SMT,EL2C4,CDH0731A/P-SAY S-15755A
6915525100,TYAA RC LED RH TOP,EL2-SMT,EL2C4,TYA/PWB/RC/LED/SMT/TOP/RH
6915525100,TYAA RC LED RH TOP,EL2-SMT,EL2C5,TYA/PWB/RC/LED/SMT/TOP/RH
5172905600,TYAA RC LED LH TOP,EL2-SMT,EL2C4,TYA/PWB/RC/LED/SMT/TOP/LH
5172905600,TYAA RC LED LH TOP,EL2-SMT,EL2C5,TYA/PWB/RC/LED/SMT/TOP/LH
6462809700,TYAA TL DR BOT RH,EL2-SMT,EL2C6,TYA/TL/PWB/DR/LED2/BOT/RH
8204429900,TYAA TL DR2 TOP RH,EL2-SMT,EL2C6,TYA/TL/PWB/DR/LED2/TOP/RH
1688267400,TYAA TL DR2 BOT LH,EL2-SMT,EL2C6,TYA/TL/PWB/DR/LED2/BOT/LH
3430486600,TYAA TL DR2 TOP LH,EL2-SMT,EL2C6,TYA/TL/PWB/DR/LED2/TOP/LH
8800898700,TYAA LID KIT TOP RH,EL2-SMT,EL2C4,TYA/LID/PWB/LED/KIT/TOP/RH
8800898700,TYAA LID KIT TOP RH,EL2-SMT,EL2C5,TYA/LID/PWB/LED/KIT/TOP/RH
0858838400,TYAA LID KIT TOP LH,EL2-SMT,EL2C4,TYA/LID/PWB/LED/KIT/TOP/LH
0858838400,TYAA LID KIT TOP LH,EL2-SMT,EL2C5,TYA/LID/PWB/LED/KIT/TOP/LH
4038584300,TYAA FOG FLEX TOP RH,EL2-SMT,EL2C5,TYA/FOG/FLEX/PWB/TOP/RH
4038584300,TYAA FOG FLEX TOP RH,EL2-SMT,EL2C7,TYA/FOG/FLEX/PWB/TOP/RH
5309797900,TYAA FOG FLEX TOP LH,EL2-SMT,EL2C5,TYA/FOG/FLEX/PWB/TOP/LH
5309797900,TYAA FOG FLEX TOP LH,EL2-SMT,EL2C7,TYA/FOG/FLEX/PWB/TOP/LH
5309797900,TYAA FOG FLEX TOP LH,EL2-SMT,EL2C12,TYA/FOG/FLEX/PWB/TOP/LH
7215463001,TYAA FOG DRIVER TOP,EL2-SMT,EL2C2,TYA/FOG/PWB/DRIVER/TOP
7215463001,TYAA FOG DRIVER TOP,EL2-SMT,EL2C5,TYA/FOG/PWB/DRIVER/TOP
7215463001,TYAA FOG DRIVER TOP,EL2-SMT,EL2C7,TYA/FOG/PWB/DRIVER/TOP
1693132200,TYAA RJB TOP,EL2-SMT,EL2C6,TYA/REARJUNCTIONBOX/TOP
6462809701,TYAA TL DR BOT RH,EL2-SMT,EL2C6,TYA/TL/PWB/DR/LED2/BOT/RH
8204429901,TYAA TL DR2 TOP RH,EL2-SMT,EL2C6,TYA/TL/PWB/DR/LED2/TOP/RH
3430486601,TYAA TL DR2 TOP LH,EL2-SMT,EL2C6,TYA/TL/PWB/DR/LED2/TOP/LH
1688267401,TYAA TL DR2 BOT LH,EL2-SMT,EL2C6,TYA/TL/PWB/DR/LED2/BOT/LH
8800898701,TYAA LID KIT TOP RH,EL2-SMT,EL2C4,TYA/LID/PWB/LED/KIT/TOP/RH
0858838401,TYAA LID KIT TOP LH,EL2-SMT,EL2C4,TYA/LID/PWB/LED/KIT/TOP/LH
0172846600,T20A HS REAR BOT,EL2-SMT,EL2C6,T20A/KC/RRHSE/PWB/BOT
4993543901,T20A HS REAR TOP,EL2-SMT,EL2C6,T20A/KC/RRHSE/PWB/TOP
9694273700,T20A FR HS BOT,EL2-SMT,EL2C6,T20A/KC/FRHSE/PWB/BOT
2969912701,T20A FR HS TOP,EL2-SMT,EL2C6,T20A/KC/FRHSE/PWB/TOP
2074066300,3A0A LID RH A0,EL2-SMT,EL2C5,3A0A/KAO/LID/LED PWB KIT-RH A0
4640779200,3A0A LID RH A1,EL2-SMT,EL2C5,3A0A/KAO/LID/LED PWB KIT-RH A1
6941239400,3A0A LID LH A0,EL2-SMT,EL2C5,3A0A/KAO/LID/LED PWB KIT-LH A0
9507552500,3A0A LID LH A1,EL2-SMT,EL2C5,3A0A/KAO/LID/LED PWB KIT-LH A1
7477345100,3A0A RC LED RH BOT,EL2-SMT,EL2C7,3A0A/KAO/RC/LED PWB KIT-RH BOT
7477345100,3A0A RC LED RH BOT,EL2-SMT,EL2C9,3A0A/KAO/RC/LED PWB KIT-RH BOT
4909632100,3A0A RC LED RH TOP,EL2-SMT,EL2C9,3A0A/KAO/RC/LED PWB KIT-RH TOP
2342119400,3A0A RC LED LH BOT,EL2-SMT,EL2C7,3A0A/KAO/RC/LED PWB KIT-LH BOT
2342119400,3A0A RC LED LH BOT,EL2-SMT,EL2C10,3A0A/KAO/RC/LED PWB KIT-LH BOT
9774805500,3A0A RC LED LH TOP,EL2-SMT,EL2C7,3A0A/KAO/RC/LED PWB KIT-LH TOP
9774805500,3A0A RC LED LH TOP,EL2-SMT,EL2C10,3A0A/KAO/RC/LED PWB KIT-LH TOP
0837790100,30AA TURN/DRL/RH,EL2-SMT,EL2C11,30AA HL/TURN/DRL/RH
0837790100,30AA TURN/DRL/RH,EL2-SMT,EL2C11L,30AA HL/TURN/DRL/RH
0708718700,30AA TURN/DRL/LH,EL2-SMT,EL2C11,30AA HL/TURN/DRL/LH
0708718700,30AA TURN/DRL/LH,EL2-SMT,EL2C11L,30AA HL/TURN/DRL/LH
0605632600,30AA HL SM,EL2-SMT,EL2C12,30AA/HL/SMPWB
6060218200,T20A FR HS BOT,EL2-SMT,EL2C6,T20A/KA/FRONT HS PWB
4329600000,T20A FR HS TOP,EL2-SMT,EL2C6,T20A/KA/FRONT HS PWB
3122626000,T20 HS REAR BOT,EL2-SMT,EL2C6,T20A/KC/RRHSE/PWB/BOT
5608016300,T20A HS REAR TOP,EL2-SMT,EL2C6,T20A/KC/RRHSE/PWB/TOP
5725875600,30AA FRT HS A8 BOT,EL2-SMT,EL2C6,30AA/KA8/FRONTHSECU/BOT
9181980500,30AA FRT HS A8 TOP,EL2-SMT,EL2C6,30AA/KA8/FRONTHSECU/TOP
6985596200,30AA FRT HS A8 TOP,EL2-SMT,EL2C6,30AA/KA8/FRONTHSECU/TOP
2515341300,30AA FRT HS A8 BOT,EL2-SMT,EL2C6,30AA/KA8/FRONTHSECU/BOT
1392065600,T20 LID PWB RH TOP,EL2-SMT,EL2C2,T20/LID/PWB RH TOP
1392065600,T20 LID PWB RH TOP,EL2-SMT,EL2C17,T20/LID/PWB RH TOP
3564232300,T20 LID PWB RH BOT,EL2-SMT,EL2C2,T20/LID/PWB RH BOT
3564232300,T20 LID PWB RH BOT,EL2-SMT,EL2C17,T20/LID/PWB RH BOT
5736599400,T20 LID PWB LH TOP,EL2-SMT,EL2C2,T20/LID/PWB LH TOP
7909166900,T20 LID PWB LH BOT,EL2-SMT,EL2C2,T20/LID/PWB LH BOT
0081933600,T43 LID PWB RH TOP,EL2-SMT,EL2C2,T43/LID/PWB RH TOP
4428067100,T43 LID PWB RH BOT,EL2-SMT,EL2C2,T43/LID/PWB RH BOT
6601434700,T43 LID PWB LH TOP,EL2-SMT,EL2C2,T43/LID/PWB LH TOP
8775001900,T43 LID PWB LH BOT,EL2-SMT,EL2C2,T43/LID/PWB LH BOT
3537276801,3A0 HL SM RH TOP,EL2-SMT,EL2C4,3A0A/KA/HL/SM PWB-RH TOP
3537276801,3A0 HL SM RH TOP,EL2-SMT,EL2C12,3A0A/KA/HL/SM PWB-RH TOP
4434054200,3A0 HL SM RH BOT,EL2-SMT,EL2C4,3A0A/KA/HL/SM PWB-RH BOT
4434054200,3A0 HL SM RH BOT,EL2-SMT,EL2C12,3A0A/KA/HL/SM PWB-RH BOT
4925727901,3A0 HL SM LH TOP,EL2-SMT,EL2C4,3A0A/KA/HL/SM PWB-LH TOP
4925727901,3A0 HL SM LH TOP,EL2-SMT,EL2C12,3A0A/KA/HL/SM PWB-LH TOP
8969611900,3A0 HL SM LH BOT,EL2-SMT,EL2C4,3A0A/KA/HL/SM PWB-LH BOT
8969611900,3A0 HL SM LH BOT,EL2-SMT,EL2C12,3A0A/KA/HL/SM PWB-LH BOT
7380045502,3A0A HL DRL RH,EL2-SMT,EL2C7,3A0A/KA/HL/DRL PWB-RH
7380045502,3A0A HL DRL RH,EL2-SMT,EL2C16,3A0A/KA/HL/DRL PWB-RH
7380045502,3A0A HL DRL RH,EL2-SMT,EL2C17,3A0A/KA/HL/DRL PWB-RH
7380045502,3A0A HL DRL RH,EL2-SMT,EL2C18,3A0A/KA/HL/DRL PWB-RH
7380045502,3A0A HL DRL RH,EL2-SMT,EL2C19,3A0A/KA/HL/DRL PWB-RH
9046467102,3A0A HL DRL LH,EL2-SMT,EL2C7,3A0A/KA/HL/DRL PWB-LH
9046467102,3A0A HL DRL LH,EL2-SMT,EL2C18,3A0A/KA/HL/DRL PWB-LH
2319995503,TGVX/CPU/TOP,EL2-SMT,EL2C6,TGVX/CPH0582A/P-SAY S-17468
3167920600,T95B RC KJ RH TOP,EL2-SMT,EL2C9,T95B/KJ0/RC/LED PWB RH TOP
7945128200,T95B RC KJ RH BOT,EL2-SMT,EL2C9,T95B/KJ0/RC/LED PWB RH BOT
8737684200,T95B RC KJ LH TOP,EL2-SMT,EL2C10,T95B/KJ0/RC/LED PWB LH TOP
9610240200,T95B RC KJ LH BOT,EL2-SMT,EL2C10,T95B/KJ0/RC/LED PWB LH BOT
5563438602,TJBT C3,EL2-SMT,EL2C6,TJBT/C3
4702769100,30A RPL TURN RH,EL2-SMT,EL2C7,CDH0997A/P-SAY S-17296B/INMOA
4702769100,30A RPL TURN RH,EL2-SMT,EL2C16,CDH0997A/P-SAY S-17296B/INMOA
6538041200,30A RPL TURN LH,EL2-SMT,EL2C7,CDH0997A/P-SAY S-17295B/INMOA
6538041200,30A RPL TURN LH,EL2-SMT,EL2C16,CDH0997A/P-SAY S-17295B/INMOA
6855423300,30A TURN DRIVER,EL2-SMT,EL2C7,CDH0950A/P-SAY S-17131B/INMOA
6855423300,30A TURN DRIVER,EL2-SMT,EL2C16,CDH0950A/P-SAY S-17131B/INMOA
6855423300,30A TURN DRIVER,EL2-SMT,EL2C17,CDH0950A/P-SAY S-17131B/INMOA
5087922400,30A RPL TAIL-BACK LH,EL2-SMT,EL2C17,CDH0947A/LDU L/INMOA
8741327600,30A RPL TAIL-BACK RH,EL2-SMT,EL2C17,CDH0947A/LDU L/INMOA
2455977700,30A RC TURN RH,EL2-SMT,EL2C16,CDH0950A/P-SAY S-17114B/INMOA
2455977700,30A RC TURN RH,EL2-SMT,EL2C18,CDH0950A/P-SAY S-17114B/INMOA
8374113900,30A RC TURN LH,EL2-SMT,EL2C16,CDH0950A/P-SAY S-17113B/INMOA
8374113900,30A RC TURN LH,EL2-SMT,EL2C18,CDH0950A/P-SAY S-17113B/INMOA
6048737500,30A RC TAIL SM RH,EL2-SMT,EL2C17,CDH0946A/LDU R/INMOA
2394932600,30A RC TAIL RH,EL2-SMT,EL2C16,CDH0949A/LDU R/INMOA
2394932600,30A RC TAIL RH,EL2-SMT,EL2C17,CDH0949A/LDU R/INMOA
2394932600,30A RC TAIL RH,EL2-SMT,EL2C18,CDH0949A/LDU R/INMOA
9702742000,30A RC TAIL LH,EL2-SMT,EL2C16,CDH0949A/LDU L/INMOA
9702742000,30A RC TAIL LH,EL2-SMT,EL2C17,CDH0949A/LDU L/INMOA
9702742000,30A RC TAIL LH,EL2-SMT,EL2C18,CDH0949A/LDU L/INMOA
3356947500,30A RC TAIL SM LH,EL2-SMT,EL2C17,30AA RC TAIL SM LH
5898975400,J34X CHM PWB ASSY,EL2-SMT,EL2C16,CDJ0175A/P-SAY S-18464B/INMOA
4501129100,311D RPL PNL TOP,EL2-SMT,EL2C18,CDT0163A/LDU M/INMOA
6128951800,311D RPL BOT,EL2-SMT,EL2C18,CDT0163A/LDU M/INMOB
1612109600,3DSX FR HS BOT,EL2-SMT,EL2C6,3DSX/FR/HS/ASSY
2631975700,3DSX HS TOP,EL2-SMT,EL2C6,3DSX/FR/HS/ASSY
3071030400,3MAA CHM BOT,EL2-SMT,EL2C18,3MAA PWB/ASSY BOTTOM
0236546400,3MAA CHM TOP,EL2-SMT,EL2C18,3MAA PWB/ASSY TOP
9483480500,3MAA HS FRT TOP,EL2-SMT,EL2C6,3MAA FRT PWB SEMI-ASSY/TOP
6067901000,3MAA HS A0 BOT,EL2-SMT,EL2C6,3MAA A0 PWB SEMI-ASSY/BOT
1384131400,3MAA A2/A5 HS TOP,EL2-SMT,EL2C6,3MAA FRT PWB SEMI-ASSY/TOP
3722718800,3MAA FRT HS BOT,EL2-SMT,EL2C6,3MAA FRT PWB SEMI-ASSY/BOT
7584829300,3MAA RR HS TOP,EL2-SMT,EL2C6,3MAA A0 RR PWB-TOP
1379535500,3MAA RR HS BOT,EL2-SMT,EL2C6,3MAA A0 RR PWB-BOT
4760521002,THRA HL LEDKIT R TOP,EL2-SMT,EL2C4,THRA/KA/HL/LED KIT/MONT/TOP-RH
4085329402,THRA HL LEDKIT L TOP,EL2-SMT,EL2C4,THRA/KA/HL/LED KIT/MONT/TOP-LH
9828626808,THRA HL CTRL,EL2-SMT,EL2C6,CDH0659A/P-SAY S-13963B
2342547500,401D RPL TOP,EL2-SMT,EL2C18,401D RPL SMT TOP
2987869200,400D RPL TOP,EL2-SMT,EL2C18,400D RPL SMT TOP
3633991800,400D CTL TOP,EL2-SMT,EL2C18,400D CTL SMT TOP
1870895700,3A0 FR HS BOT,EL2-SMT,EL2C6,3A0/KA/FRONT HS PWB
1570839500,3A0 FR HS TOP,EL2-SMT,EL2C6,3A0/KA/FRONT HS PWB
1782537200,3A0 RR HS TOP,EL2-SMT,EL2C6,3A0/KA/REAR HS PWB
5371850700,3BMA CHM,EL2-SMT,EL2C16,3BMA CHM/PWB/MONT/TOP
5369755003,660B RC SMT TOP,EL2-SMT,EL2C16,660B RC SMT TOP
5016605800,660B RC SMT BOT,EL2-SMT,EL2C16,660B RC SMT BOT
9935881503,660B LID SMT TOP,EL2-SMT,EL2C16,660B LID SMT TOP
6490243100,660B LID SMT BOT,EL2-SMT,EL2C16,660B LID SMT BOT
2148775901,TLA FOG DR RH,EL2-SMT,EL2C2,TLA FOG DRIVER RH
2148775901,TLA FOG DR RH,EL2-SMT,EL2C18,TLA FOG DRIVER RH
5668855201,TLA FOG DR LH,EL2-SMT,EL2C2,TLA FOG DRIVER LH
5668855201,TLA FOG DR LH,EL2-SMT,EL2C18,TLA FOG DRIVER LH
4234343902,TLA FOG LED,EL2-SMT,EL2C12,TLA FOG LED
4234343902,TLA FOG LED,EL2-SMT,EL2C18,TLA FOG LED
4331996500,3A0 RR HS BOT,EL2-SMT,EL2C6,3A0/KA/REAR HS PWB
